username#discrim,current streak,max streak
DataSpec#0660,39,39
judd.tastic [judy]#5096,25,52
User Unavailable,24,24
Chino#5376,17,33
Mark Rober#7094,17,17
LeoLion989#2837,17,47
drdolittleandthecat#0753,16,24
sanjananair#5793,16,47
kalidoscope#3988,15,15
Dead Fish#0650,13,13
IntricateOwl#3680,13,21
quack#6510,12,32
User Unavailable,10,10
sareneee#1677,10,10
steamed bun ~invasion~#3730,10,19
Hoatzin#4913,9,29
Adrian Maliackel#9414,9,17
mn27#6957,9,36
Bidoof#9603,9,20
Deeksha R#2591,8,30
team.quirky#8519,8,8
Kaela#3493,8,165
aqua dolphin#2892,8,14
kman1234t#0021,7,12
emilie#4058,7,23
swablu#7132,7,30
Cygnus#8556,7,32
FROG_OF_STEEL#7512,7,28
Maddie#5086,7,53
Nin#6104,7,24
RyeLeo#4997,7,7
Fossilsguy#6227,6,7
Water1556#4215,6,6
runzhou2004#8374,5,48
Kerbal Kosmonaut#3020,5,15
√ür√´√•d –ìh√Æ√™f#1003,5,17
kingfisher#8439,5,29
lilyanne#9704,5,29
Squirrelperson#0782,5,28
quack#9819,5,24
Cramorant#8097,5,11
‚ô°AsUkDzRsEkYz‚ô°#4086,5,10
Camponotus#0167,5,22
pinnacleman2510#0890,5,5
pancakes#9702,5,19
Chromatic#9694,5,11
Turnips#4294,5,5
Linear#8272,4,9
twig#4682,4,48
karina#2986,4,5
kelloggstudent#7858,4,13
Apple#5564,4,27
welp#8312,4,4
TikTakeo#5630,4,21
Aaronk-47#2884,4,17
User Unavailable,4,4
Holfrisky#1534,4,14
Aiyan#6278,4,11
Nick Smirnov#9799,4,5
american woodglock#8685,4,44
The Awesome#8281,4,4
Kyky#4674,4,21
Jeri#3083,4,6
CB7#4960,4,11
Sniff some of this#4201,4,25
geneticpotato#4979,4,7
Meash#3016,4,36
koreankimbapkim#1055,4,32
ChoiChoi#4734,4,13
nadiaa#5589,4,89
tai yang#4480,4,34
mrv17#8618,4,5
Billy Bobson#1964,4,6
oh.neelie#5958,3,17
snowflake5603#9433,3,9
anserin#4050,3,3
VenomousLampshade#7438,3,10
Jolibee#6998,3,12
stuthi#5173,3,18
√æ√™√æ¬ß√ØL√™√æ√™√æ#0936,3,4
AvianTrumpet#3434,3,19
Dakstar7#5050,3,11
frogsongs#3242,3,3
ng45678#6886,3,16
RobertYL#9626,3,51
TheOne&OnlyWaffle#0027,3,5
BlackHeart#2379,3,4
TrashPandaHath#7252,3,11
EraserBird#0520,3,9
smorgul#5059,3,3
abc123#3849,3,6
kc ‚òÅ#5957,3,17
MarioBM#3298,3,3
Kazumin#9520,3,24
Strigidae#3280,3,3
dc1mousavi#9805,3,38
Bradyfish#7396,3,20
Freskid#5532,3,4
Christopher Ou#9030,2,17
baldbro#3097,2,2
Kristie To#1638,2,8
anniethemop#4319,2,20
Shadowstalker#3852,2,21
Rafi_Overton#6504,2,9
User Unavailable,2,3
Sophia#8106,2,28
Cerulean#4265,2,2
User Unavailable,2,7
"ken2005 [HI, C]#5622",2,43
stephanie0312#7266,2,5
colposh#6841,2,70
logang#6507,2,64
User Unavailable,2,2
Jackie#1707,2,14
Albedo my Dude#3030,2,31
potato_kat#7984,2,93
Fryed_Eggs#4275,2,5
yaboidev#6938,2,42
Mitchell Chann#3506,2,40
Mallard#2166,2,30
Naddle#2836,2,18
noahjb#1247,2,49
Senna#6399,2,2
ThyOwneBoy#6424,2,13
ape#1600,2,5
Intallica#0839,2,12
nycticorax#9895,2,19
Kardawg#2412,2,26
[IKON] Joker#6730,2,20
educceschi#8537,2,7
Pengwang#7739,2,19
Bawb Mawley#6865,2,35
kathleen.exe#6419,2,2
Theddy#8766,2,13
Crypto_Maniac117#4015,2,11
√πw√∫#5216,2,15
kae#0329,2,9
Wewert#8780,2,2
User Unavailable,2,2
Ilyve#9452,2,12
Luek#0912,2,2
ansere#6930,2,222
billybob#5778,2,35
Synclic#3292,2,17
shug#8148,2,23
Mango#8846,2,5
Day#7687,2,23
Scythe#6585,2,278
User Unavailable,1,1
User Unavailable,1,1
Bob the Builder#2812,1,1
browntown#0647,1,4
NOOB#4694,1,2
Robert.#5060,1,5
Nooran008#1020,1,4
ella5102#4982,1,7
emily#2868,1,16
mrbabynut#6519,1,13
Molybon#3095,1,31
lemon#7880,1,12
datsmybook#5431,1,1
sasha_boguraev#5383,1,14
Fluffysofa#5831,1,9
dianaazapataj#2803,1,10
Clammy#2247,1,124
Bedwin#5484,1,2
Himmad boi#7561,1,11
noahjb2#2047,1,1
Birdie#0596,1,19
SilverBreeze#4983,1,32
LIN#0684,1,1
dragonfire03#5869,1,1
birdlover69#0632,1,9
Selina#1842,1,5
flora_elle.s#1657,1,17
happyperson#6051,1,14
washi._.watermelon#2520,1,2
OP#2261,1,18
eshaa#9187,1,1
redwoodsareawesome#8337,1,8
muhuhu#6660,1,12
Khushi#8472,1,3
mango#2778,1,16
whalesc#9909,1,32
User Unavailable,1,1
gazplum#3889,1,12
Soulless#7874,1,8
christina#3823,1,24
ConglomeratePotato#1907,1,1
Rebecca#8925,1,25
HidekoPyon#8411,1,1
jojoon#0949,1,9
IceColdCoffee#5144,1,3
the_ssjang#0319,1,27
User Unavailable,1,1
poseidonsrealm#5159,1,7
iris#6777,1,2
AstroTR#6142,1,15
Shokopie#3400,1,1
SnakesRCute#3331,1,67
Vishnu Indukuri#6769,1,5
NavyaB#1912,1,3
RoboLust#1525,1,27
Jahnavi#7187,1,44
claiiirrreee#5721,1,44
stupid touch starved whore#8647,1,3
ys#5294,1,56
adityaroy04#8056,1,6
DA BOSS#8663,1,21
sham_108#7949,1,28
luna‚òÜ#3843,1,22
LaFlax#3885,1,6
updog#4296,1,1
anna!#8426,1,14
emiya#4760,1,22
SquashedMelon#4712,1,4
disahospital#5668,1,1
maxithetaxi42#3056,1,5
Blubmeowfishycat#3052,1,6
KChan35#0190,1,39
angelacat00#6500,1,1
Sharvari#3341,1,10
chewy#6310,1,12
Quinn M.#1501,1,25
Matthew Lam#7785,1,6
NotVibing.mp4#9191,1,1
hotsaucebirbchopsuey#1716,1,29
PeanutButterSandwich#7644,1,2
expecto-minerals#0167,1,2
caeliram#0373,1,8
Darth Ginger#2035,1,9
niucow2240#5553,1,2
aerxdynamic#5723,1,5
me_cool#9237,1,1
reptile dysfunction#4160,1,3
Sidstar#3164,1,1
Unum#4759,1,1
apple#7176,1,54
DanglesBanana#0748,1,22
Sapphire#4117,1,1
chibes casls#6499,1,5
olidip#0001,1,3
GAX#1609,1,1
wearymagpie#5668,1,17
gÕÇÃáÃörÃìÃëÃèaÕ•ÕäÕ®sÃøÕÇÕÉsÃàÕ´Õß“âÃßÃ°ÕÅ ÃíÕØÃì“âÕúÃïÃÆ#1511,1,4
Jeff The Red Rabbit#6997,1,31
kittoria#3983,1,6
Ahead22#4136,1,2
Fluffy#1899,1,7
Yoshiko42#7484,1,1
IndianReun#8945,1,7
Touwfoo#7358,1,139
Bacon#6576,1,52
User Unavailable,1,3
mundan3#5562,1,5
Chris Ge#6364,1,1
AVDestroyer#6398,1,1
hmmm#5658,1,24
dan.k.memes#5912,1,14
cookieowlie#1636,1,4
MystaryPi#1031,1,50
Seiler#3483,1,1
lopac#6780,1,1
Moon Aven#7715,1,20
MumuC#7225,1,1
zoinks#6817,1,17
AnCh128#8277,1,8
whale#9206,1,1
Yurt#9370,1,6
13lade88#4277,1,1
the 25th Chestnut#7950,1,5
Choptactless#1472,1,23
sentsailing#1644,1,12
404ic#9144,1,2
TheTrout#4550,1,2
DamagePot#6835,1,1
Shreya V.#3241,1,1
ÁÑ°ÈßÑ#0611,1,1
4435#4435,1,1
Arman#5485,1,6
KooKIMonsta#7477,1,6
TheRaggedFlygon#4164,1,7
Justin5252#3665,1,4
User Unavailable,1,1
Memeil#5310,1,19
Hawk&Coyote#4820,1,1
PotentLoaf#9456,1,6
Anni#3280,1,17
grimes#4038,1,7
TomRoot#5647,1,47
User Unavailable,0,0
User Unavailable,0,0
User Unavailable,0,0
User Unavailable,0,0
User Unavailable,0,0
User Unavailable,0,0
User Unavailable,0,0
User Unavailable,0,0
User Unavailable,0,0
User Unavailable,0,0
User Unavailable,0,0
User Unavailable,0,0
User Unavailable,0,0
User Unavailable,0,0
User Unavailable,0,0
User Unavailable,0,0
User Unavailable,0,0
User Unavailable,0,0
User Unavailable,0,0
User Unavailable,0,0
User Unavailable,0,0
User Unavailable,0,0
User Unavailable,0,0
User Unavailable,0,0
User Unavailable,0,0
User Unavailable,0,0
User Unavailable,0,0
User Unavailable,0,0
User Unavailable,0,0
User Unavailable,0,0
User Unavailable,0,0
User Unavailable,0,0
User Unavailable,0,0
User Unavailable,0,0
User Unavailable,0,0
User Unavailable,0,0
User Unavailable,0,0
User Unavailable,0,0
User Unavailable,0,0
User Unavailable,0,0
User Unavailable,0,0
User Unavailable,0,0
User Unavailable,0,0
User Unavailable,0,0
User Unavailable,0,0
User Unavailable,0,0
User Unavailable,0,0
User Unavailable,0,0
User Unavailable,0,0
User Unavailable,0,0
User Unavailable,0,0
User Unavailable,0,0
User Unavailable,0,0
User Unavailable,0,0
User Unavailable,0,0
User Unavailable,0,0
User Unavailable,0,0
User Unavailable,0,0
User Unavailable,0,0
User Unavailable,0,0
User Unavailable,0,0
User Unavailable,0,0
User Unavailable,0,0
User Unavailable,0,0
User Unavailable,0,0
User Unavailable,0,0
User Unavailable,0,0
User Unavailable,0,0
User Unavailable,0,0
User Unavailable,0,0
User Unavailable,0,0
User Unavailable,0,0
User Unavailable,0,0
User Unavailable,0,0
User Unavailable,0,0
User Unavailable,0,0
User Unavailable,0,0
User Unavailable,0,0
User Unavailable,0,0
User Unavailable,0,0
User Unavailable,0,0
User Unavailable,0,0
User Unavailable,0,0
User Unavailable,0,0
User Unavailable,0,0
User Unavailable,0,0
User Unavailable,0,0
User Unavailable,0,0
User Unavailable,0,0
User Unavailable,0,0
User Unavailable,0,0
User Unavailable,0,0
User Unavailable,0,0
User Unavailable,0,0
User Unavailable,0,0
User Unavailable,0,0
User Unavailable,0,0
User Unavailable,0,0
User Unavailable,0,0
User Unavailable,0,0
User Unavailable,0,0
User Unavailable,0,0
User Unavailable,0,0
User Unavailable,0,0
User Unavailable,0,0
User Unavailable,0,0
User Unavailable,0,0
User Unavailable,0,0
User Unavailable,0,0
User Unavailable,0,0
User Unavailable,0,0
User Unavailable,0,0
User Unavailable,0,0
User Unavailable,0,0
User Unavailable,0,0
User Unavailable,0,0
User Unavailable,0,0
User Unavailable,0,0
User Unavailable,0,0
User Unavailable,0,0
User Unavailable,0,0
User Unavailable,0,0
User Unavailable,0,0
User Unavailable,0,0
User Unavailable,0,0
User Unavailable,0,0
User Unavailable,0,0
User Unavailable,0,0
User Unavailable,0,0
User Unavailable,0,0
User Unavailable,0,0
User Unavailable,0,0
User Unavailable,0,0
User Unavailable,0,0
User Unavailable,0,0
User Unavailable,0,0
User Unavailable,0,0
User Unavailable,0,0
User Unavailable,0,0
User Unavailable,0,0
User Unavailable,0,0
User Unavailable,0,0
User Unavailable,0,0
User Unavailable,0,0
User Unavailable,0,0
User Unavailable,0,0
User Unavailable,0,0
User Unavailable,0,0
User Unavailable,0,0
User Unavailable,0,0
User Unavailable,0,0
User Unavailable,0,0
User Unavailable,0,0
User Unavailable,0,0
User Unavailable,0,0
User Unavailable,0,0
User Unavailable,0,0
User Unavailable,0,0
User Unavailable,0,0
User Unavailable,0,0
User Unavailable,0,0
User Unavailable,0,0
User Unavailable,0,0
User Unavailable,0,0
User Unavailable,0,0
User Unavailable,0,0
User Unavailable,0,0
User Unavailable,0,0
User Unavailable,0,0
User Unavailable,0,0
User Unavailable,0,0
User Unavailable,0,0
User Unavailable,0,0
User Unavailable,0,0
User Unavailable,0,0
User Unavailable,0,0
User Unavailable,0,0
User Unavailable,0,0
User Unavailable,0,0
User Unavailable,0,0
User Unavailable,0,0
User Unavailable,0,0
User Unavailable,0,0
User Unavailable,0,0
User Unavailable,0,0
User Unavailable,0,0
User Unavailable,0,0
User Unavailable,0,0
User Unavailable,0,0
User Unavailable,0,0
User Unavailable,0,0
User Unavailable,0,0
User Unavailable,0,0
User Unavailable,0,0
User Unavailable,0,0
User Unavailable,0,0
User Unavailable,0,0
User Unavailable,0,0
User Unavailable,0,0
User Unavailable,0,0
User Unavailable,0,0
User Unavailable,0,0
User Unavailable,0,0
User Unavailable,0,0
User Unavailable,0,0
User Unavailable,0,0
User Unavailable,0,0
User Unavailable,0,0
User Unavailable,0,0
User Unavailable,0,0
User Unavailable,0,0
User Unavailable,0,0
User Unavailable,0,0
User Unavailable,0,0
User Unavailable,0,0
User Unavailable,0,0
User Unavailable,0,0
User Unavailable,0,0
User Unavailable,0,0
User Unavailable,0,0
User Unavailable,0,0
User Unavailable,0,0
User Unavailable,0,0
User Unavailable,0,0
User Unavailable,0,0
User Unavailable,0,0
User Unavailable,0,0
User Unavailable,0,0
User Unavailable,0,0
User Unavailable,0,0
User Unavailable,0,0
User Unavailable,0,0
User Unavailable,0,0
User Unavailable,0,0
User Unavailable,0,0
User Unavailable,0,0
User Unavailable,0,0
User Unavailable,0,0
User Unavailable,0,0
User Unavailable,0,0
User Unavailable,0,0
User Unavailable,0,0
User Unavailable,0,0
User Unavailable,0,0
User Unavailable,0,0
User Unavailable,0,0
User Unavailable,0,0
User Unavailable,0,0
User Unavailable,0,0
User Unavailable,0,0
User Unavailable,0,0
User Unavailable,0,0
CarrotOnTheDay#2095,0,1
User Unavailable,0,0
Kristen Lew#5309,0,0
Aadhir24#5855,0,0
EHIME#4490,0,0
User Unavailable,0,0
fishie_glubglub#6063,0,0
amberrrhe#8252,0,0
Cupcakes#6102,0,0
Rohith#1060,0,0
Inky Depths#7247,0,0
Strawberry_Cat#6363,0,4
User Unavailable,0,0
altaria#5989,0,0
Siddharth#7979,0,0
mork#7670,0,0
wisalphd#4284,0,0
mattalt#7355,0,0
User Unavailable,0,0
Sakshi#8016,0,0
Galaxiee008#6263,0,0
galle#2660,0,8
Kite#8465,0,5
tara haas3#1399,0,1
wowoslime#1905,0,24
Whalet296#9403,0,2
User Unavailable,0,0
vepper#2457,0,0
thefallencows#0049,0,11
br8nd0n#6512,0,0
gc12#0305,0,0
User Unavailable,0,0
NA#0545,0,3
nerd#2703,0,1
EJS#1847,0,8
User Unavailable,0,0
Remzi#4432,0,4
User Unavailable,0,0
User Unavailable,0,0
pawketti#6666,0,0
irinaolisha#5197,0,8
EPICRobloxGamer#9564,0,13
LurkMurk#9036,0,0
olivia#1829,0,5
GatorBoi#3864,0,10
Kiosei#7476,0,9
araan123#4660,0,2
twatle#9180,0,0
Solar#3575,0,6
Milan D. [Palydium]#4186,0,3
YaBoyTroy#0237,0,3
MJthegoat#5041,0,2
sana#1725,0,1
kingdubreasy#9790,0,98
KarateGirl#6734,0,0
brocollipit#2600,0,5
kmninaun#5618,0,20
lauren_der36#4111,0,9
Vidya I.#5149,0,8
tomatonushnush#0648,0,0
flowercity#7395,0,5
bayla#2798,0,6
AstroPixel#9167,0,0
Oompa#4286,0,13
babytofu#9030,0,88
JH#0654,0,7
generic username#2130,0,1
Flex Tape#4030,0,13
yah!qwerty#8511,0,0
User Unavailable,0,0
TentedBurrito93#7684,0,8
User Unavailable,0,0
nameless#5565,0,6
danklin#5462,0,54
amym2322#5829,0,7
fernshade#0493,0,1
starboi#4706,0,0
NotATrap#4732,0,3
birdsssss#5740,0,4
avery#6333,0,10
User Unavailable,0,0
greenbeans123#2325,0,17
strikerramses(srikar)#4436,0,0
EvanDiablo9#9889,0,3
hi there haider#0180,0,11
biRbs#0274,0,2
Dvg17#1742,0,0
sunflower#0159,0,1
Syzygy the NightWing#6259,0,0
AnnaS#6508,0,9
imamentalcrisis#6771,0,0
moo moo#9700,0,5
User Unavailable,0,0
whatv2#0856,0,0
get -apt sudo#4600,0,0
American Avocet#6714,0,2
APX05#6845,0,0
Hu man#0675,0,0
Snowy_plover#7019,0,13
rhea maheshwari#9698,0,15
db#8826,0,0
User Unavailable,0,0
Tenergy05#5771,0,0
mayberr#5368,0,2
Iliketrains#0191,0,1
stellardonkey#2121,0,104
makecornellgang#0815,0,100
katrine#2798,0,0
bro1381#7165,0,2
pessimistic_potato#1312,0,0
User Unavailable,0,0
azboy1910#4675,0,0
Crimson Lotus#2904,0,0
floppybunsun920#6014,0,0
nosa#2301,0,0
siri.ous.li.245#4040,0,2
LO.L.#2931,0,4
saum#2608,0,30
vinodrk#1538,0,0
User Unavailable,0,0
User Unavailable,0,0
Khanos#5053,0,0
sunz#7219,0,14
PariR#0659,0,4
Jay Rao#2853,0,0
sg#4902,0,0
thegpbindini#1904,0,1
honeymilkbear#5244,0,3
User Unavailable,0,0
lluc.as_#5954,0,0
bigkellybelly#1950,0,9
CaptCaveman#6258,0,2
Dagger_Mace#5953,0,1
littlebirdy#6841,0,3
sundropoftwo#9444,0,1
On Vacation#1295,0,0
potato1234#6085,0,0
User Unavailable,0,1
k k kermit#9878,0,0
Suebin#0475,0,2
Theshockwave7#6462,0,0
User Unavailable,0,0
MichaelK#8428,0,2
fourLoop#8030,0,37
will0416#7684,0,0
sssj23#5280,0,1
Sushi16#5048,0,8
pogil#7232,0,0
Katelyn#1377,0,0
User Unavailable,0,0
Terry#7558,0,5
TastyPastry#1227,0,7
User Unavailable,0,0
61XT#2481,0,0
BigVaquita33#9387,0,0
Matt4106#5506,0,0
kay78#1442,0,0
lasagna#4289,0,15
DiamondLeagueDisaster#7877,0,0
ra.nia63393#8416,0,6
amk578#3425,0,0
toaster#6164,0,14
Mkroy128#8650,0,11
terriyakisauce#0874,0,3
poyukoh#5829,0,4
yoshi#3415,0,2
supernumerary#5162,0,0
boopkitty#2742,0,1
ariheart314#1278,0,2
cabbagepatchkids#3037,0,0
arushi#5873,0,0
josie#8519,0,0
ac3.exe#1806,0,19
User Unavailable,0,0
Sbeben#1453,0,1
mer#9942,0,6
Grindelwald#0213,0,0
Theory9#3288,0,0
hippo#4844,0,0
rachel ;)#7363,0,23
MooseMan11#5604,0,0
here-#2291,0,7
harrumph#6618,0,0
christinagu_05#4498,0,12
User Unavailable,0,0
admiralfrog#9805,0,0
sanjitsarda#1056,0,0
NightlyShadowXYZ#5872,0,5
ICannSpel41968#7775,0,0
User Unavailable,0,0
b1gsauce#8817,0,0
Eggward#6870,0,0
alexhuang.gelinas#9015,0,0
de2290#9697,0,0
Solanum Tuberosum#5545,0,1
User Unavailable,0,2
User Unavailable,0,0
Grass#0626,0,1
Moxhi#2438,0,30
grey#7166,0,3
gwebdonyb#7777,0,0
YoYoMa#6924,0,0
User Unavailable,0,0
KATOMATAYY#4882,0,0
SJAKAAK#0626,0,0
bq#1614,0,0
Blood Reaper#2994,0,0
Tajikistan101#6560,0,0
Boris Johnson#4093,0,18
lil papa#5995,0,17
OhMyMistake#0987,0,0
eisthefifthletter#0937,0,0
themi#6348,0,13
Ini#0255,0,0
User Unavailable,0,11
hi11235#3613,0,1
TwoCheese#6565,0,1
lilmil#5075,0,1
childreninmybasement#8707,0,1
Emilio Sanchez#0154,0,0
tiramiso#4772,0,12
stepsmall#2733,0,0
invisible#7259,0,0
TheNerdyOne#9486,0,6
Spam Stressed#0221,0,0
User Unavailable,0,0
20kLeaguesUnder#9441,0,0
leoy#1614,0,0
masterkite#0001,0,0
‡πñÃ∂Ã∂Ã∂Œ∂ÕúÕ°xacry.lik#0021,0,1
Mkdubs#2467,0,2
Penguin#0678,0,15
Anvithaaaa#2501,0,0
Cave Iguana#0637,0,1
bork#5090,0,41
Mou$avi#7500,0,1
Joey C#0756,0,27
pidgeons (anya)#4209,0,5
emmacrocks#9093,0,0
Karina Brockway#2948,0,10
Sophia#2582,0,65
Frx.Gxr21#4860,0,3
Devy_boy2008#5437,0,0
squream#4912,0,0
WhaleDemon#8901,0,1
WaterNinja101#2093,0,0
jonathan kim#6868,0,0
PenguinBot#1009,0,0
head&zzmages#2829,0,0
Hat Snek#4570,0,0
jansen#1545,0,0
User Unavailable,0,0
CHsoccaerstar42#8707,0,2
Chirality#5116,0,0
sssssskyde#8993,0,2
sAkEtH#1984,0,2
MChameleon#7182,0,3
klastyioer#3350,0,0
buhget#8178,0,0
Ethan L#7442,0,21
clorox_pods#0415,0,9
ChoyAznable#9078,0,4
Ÿ¥saraŸ¥#0009,0,1
ChessFun#5488,0,0
User Unavailable,0,1
sid#0087,0,0
magicianGirl#0954,0,5
OrganFailure#9269,0,0
Pman82903#6455,0,23
FlamingFawkes#3399,0,1
LolcatTheZippy#3622,0,1
kramer#7383,0,0
Dinoboneshunter#5215,0,19
Typhoon3o#7734,0,21
uscc22#0201,0,0
duccy#4400,0,1
Lucario ‚òâ ‚àù x¬≤#7902,0,0
Oompa_Lumpa_Juan#2485,0,9
mcchickenandy#8863,0,0
Gigz#5406,0,0
amie#1273,0,0
R5xK#3947,0,0
Lead (II) Chloride#9920,0,0
username#5275,0,0
User Unavailable,0,2
Felix Zhan#8215,0,0
hxntxng#5525,0,10
Ishita#6428,0,0
smartkid?#2929,0,0
User Unavailable,0,0
Lalisa#3181,0,4
ryoseiru#1091,0,3
jhu123#5280,0,1
v dum#4278,0,10
EmilyL#7283,0,0
Nkp361#4356,0,22
mtlin11#7203,0,2
Mafoof#7480,0,0
Turbowarrior#5688,0,0
Joe Mama#2050,0,0
juju#2527,0,18
archedbug#1539,0,24
anonymousqwerty#7855,0,12
User Unavailable,0,1
Joncadence#9408,0,0
bronana#6919,0,0
Surgevindu#2941,0,5
nomkies#3710,0,0
weed is 4 cats#0236,0,72
obsequiousLemur#7060,0,3
hawhawhaw#8506,0,0
lmaozedong#1077,0,0
CookieMeeps#8449,0,0
User Unavailable,0,0
Collin#8034,0,0
aiden#6231,0,0
Mark in the Dark#9313,0,0
Don't Read This#8838,0,0
Dargon#7009,0,28
YourLastSuprise#3328,0,0
User Unavailable,0,1
Omegalat1k#7490,0,0
poopoo face#0516,0,2
Zafrata#3110,0,0
Ag#1675,0,0
Illusion#4497,0,12
separase#9988,0,30
tfdan#1572,0,0
Nastics#4918,0,10
bilingualModel#8288,0,0
dumbname#3333,0,0
shay.#1833,0,0
Lavacobra#2228,0,0
Deleted User#2825,0,0
euphrates river#9515,0,0
puke#5572,0,21
allofgarden#7286,0,0
oupadhyay#0509,0,0
JT#7360,0,0
Checky#7917,0,0
TIM#2315,0,0
SarahOfSavoy#8113,0,0
fizzest#0001,0,0
DragoXqwas#9794,0,6
Nicholas Kao#2847,0,4
Danoli Canoli#7269,0,0
Lacienta#5552,0,64
alip26#1997,0,3
TheLazerMinigun#8701,0,3
KhoiFIsh17#3292,0,12
Bob the great e#8924,0,0
jsn#7765,0,0
gudemydude#9739,0,0
Libertarial#6097,0,2
hunnypuffs#8484,0,0
PM2017#7396,0,2
Franklin#2205,0,0
dragonbookreader#4028,0,0
it1023#3497,0,0
User Unavailable,0,0
melk#5765,0,2
JC#4757,0,0
goingforthegold#6936,0,3
maxis#0175,0,0
malcheme#7141,0,2
iehvy#8842,0,0
shadowing#0926,0,1
ManyBoxes#4532,0,0
VolpSmolek#0184,0,3
User Unavailable,0,0
User Unavailable,0,3
smayya337#6534,0,0
n3bu141#5564,0,0
Taffy#3090,0,20
---------#6813,0,5
Aakarshed#8619,0,0
rwu#5744,0,0
manav#2190,0,2
theAverageAchiever#1551,0,2
chip#1622,0,2
Taiwan#3862,0,0
User Unavailable,0,0
sophia#0207,0,0
Enigma#0549,0,0
TheHippoKing74#7060,0,2
m o u z l e s ‚ô° üåª ü§†#4422,0,16
User Unavailable,0,10
User Unavailable,0,3
scifantasy#6258,0,7
Twistya#4552,0,0
Yoshiko42#5466,0,3
iballisticbunny6#9301,0,8
Chitter#5502,0,0
Momo?#0666,0,0
marfffff#4788,0,41
eric song#8148,0,2
frog#3036,0,9
AlbatraosBaos#9005,0,1
jm#3300,0,1
davidwu1011#1981,0,44
Ninja Nae Nae#1337,0,0
Kylelee#3841,0,1
BobTheBlob#2606,0,0
kimmy#3681,0,0
User Unavailable,0,0
User Unavailable,0,0
lewis acid#1004,0,8
thedoge#1189,0,0
koma#6275,0,0
Sundhar#7054,0,4
User Unavailable,0,0
Ebomber#7404,0,0
da reading nerd#0710,0,1
hahaha#5374,0,0
fish nerd#5976,0,2
GottaEatDinnerFor7Hours(Andy)#2280,0,0
person_v1.32#7883,0,5
oogabooga#8270,0,16
beanie#2680,0,15
_ÂÑø_#7355,0,5
User Unavailable,0,0
azurexrose#9334,0,1
Pork#1689,0,1
stephcurry#5307,0,2
aLEXis#1514,0,8
BBB#7214,0,0
User Unavailable,0,0
Dan39K#2588,0,0
venkatrao1#5079,0,0
Clashingcougar#4311,0,0
baSS go BooM#8939,0,0
arolakiv#9382,0,0
Edolphin232#6646,0,0
shreeepa#7861,0,2
shinysw#4619,0,0
Darkness#1680,0,0
Austin_____#8839,0,0
BasicallyAlex#5932,0,0
Haasio#5088,0,4
jeefi#1913,0,0
probably#2219,0,0
Dreamz#3909,0,0
minuscule#6285,0,0
stormcleaver5#2982,0,0
Danini#8763,0,2
xon (5 11.5)#6413,0,0
User Unavailable,0,7
Yogi4K#9595,0,0
DoosinShawn#2792,0,0
Hermanityy#2377,0,0
PMP#5728,0,0
problem#5381,0,100
User Unavailable,0,0
CrazymanBandit#8538,0,75
weeewoo#3818,0,0
SecretPally#3894,0,0
windbird#7279,0,3
xpoes#2892,0,0
gucky#5531,0,0
User Unavailable,0,0
alice#6984,0,4
Blundering Fool#6164,0,0
Fatasticmom137#3421,0,3
Spoopetor#1208,0,0
paypog#3484,0,5
Decaf#3274,0,4
edward74110#0412,0,0
lets gooo#1756,0,1
ButteryKirby#6906,0,1
sunzu#6778,0,0
Blue.#0827,0,0
ScrikerMahwk#6839,0,0
lori#3775,0,14
Arnlo#9047,0,0
Pravitia#4093,0,0
Mega_Hertz#2044,0,0
yummycrayons#9072,0,3
Celly#5955,0,0
toucanfish#7313,0,1
User Unavailable,0,0
monitor#6806,0,116
Andrew.#7319,0,0
Aviatronic#3008,0,0
Walnut#3461,0,7
crunkwagon#5889,0,0
matinzu#5469,0,19
muushuuking#6396,0,0
Wylde#8416,0,0
Jellyman102#0104,0,0
fireventis#6339,0,2
stanfordfan09#0584,0,7
leg#9314,0,0
Klebb#3520,0,1
Gray#2558,0,0
Mohong#0002,0,0
Kreptv#7179,0,23
BobbyBiggums#8589,0,0
alchzh#1218,0,0
User Unavailable,0,1
itsDerk#6808,0,0
Leminspector#2100,0,0
Spyse#8961,0,0
Kappanose#3690,0,0
TunelessDart915#7467,0,0
Burning Guy#4685,0,0
espagueti#9978,0,1
Nicj Flora#0425,0,0
User Unavailable,0,0
User Unavailable,0,0
eday#7926,0,6
Squeaky123#3692,0,1
BDLanny#5817,0,0
Vinny#7547,0,0
